"TemplateId","Category","Subcategory","Type","ItemText","DefaultActive","PresentIn","Location","Sort","Photo","ActivePDIId","Related PDI_LineItems",
"UPDI-0032","Home","Appliance","Check","Microwave functions properly. Installed correctly and properly secured","N","PAUSE","Interior","10","","03a0d327","6b5a19af , 80b8db0c",
"UPDI-0038","Electrical","Skylight","Check","All applicable lights illuminate properly and switch/controls work as expected.","N","MDC","Interior","20","","03a0d327","f7c82ca2 , c94304cf , 7a2cd664 , 8a0045e0 , 215b59ce , c04d8783 , 1f9c99ed",
"UPDI-0040","Electrical","Software","Check","Garmin is functional and up to date. Pause Network available. RV controls App functional","N","PAUSE","Interior","10","","03a0d327","4b0e6479 , f74815b3",
"UPDI-0049","Electrical","Victron","Check","Victron system components are up to date. Secured\installed properly. No damage\blemishes.","N","PAUSE","Interior","10","","03a0d327","eec1f85e , baea6946",
"UPDI-0056","Home","Appliance","Check","Interior convection oven\oven ignites\heats properly and is installed\secured with no damage\blemish.","N","PAUSE","Interior","20","","03a0d327","e933c29d , 735305b3",
"UPDI-0065","OEM Accessory","Annex","Check","Annex is present Poles, Canvas, Shower and shower poles. No damage\blemishes","N","MDC","Accessories","10","","03a0d327","bc329a7f , 24cfaaef , 2a243b24 , 0eb6e969 , 81a42b17 , 6c481bac , 5dd1de11",
"UPDI-0070","OEM Accessory","Accessory Tote","Check","Tote is present","N","MDC","Accessories","10","","03a0d327","f977ec75 , de34702f , 9d14e3b5 , 1d8ae4a5 , 739c6ae4 , 25927b30 , 644c7802",
"UPDI-0086","Chasis","Suspension","Check","MORryde Air Suspension inflates\deflates properly. No damage\blemishes. Holds pressure 24 hours.","N","PAUSE","Exterior","10","","03a0d327","fb0e7204 , 00140ca6",
"UPDI-0118","Water System","Cassette Toilet","Check","Cassette installed properly. Indicator lights function properly","N","MDC","Interior","10","","03a0d327","17e858cf , b8127adf , 8bb78d26 , a6dae471 , 3fe0c64c , 8c0bbfa8 , 244fcf18",
"UPDI-0122","Water System","Nautilus Compartment","Check","Nautilus compartment sealed along bottom\sides. Selectors choose proper settings","N","PAUSE","Exterior","10","","03a0d327","b102b03d , c6343a8b",
"UPDI-0124","Water System","Nautilus Compartment","Check","No visible damage, scratches, cracks, or cosmetic blemishes.","N","PAUSE","Exterior","30","","03a0d327","5dbe050e , 60681fda",
"UPDI-0125","Water System","Outdoor Quick Connects","Check","Quick connect hose connects with no leaks\damage\blemishes","N","PAUSE","Exterior","10","","03a0d327","7a29748c , 4320b6fd",
"UPDI-0129","Water System","Tongue Garden Hose Spigot","Check","Spigot installed\secured properly","N","MDC","Exterior","10","","03a0d327","c7e43d4b , b15494d8 , 91a9d539 , 4ef377c7 , cdef94eb , 72e1bd2c , 6ac20d26",
"UPDI-0148","Home","Appliance","Check","Vaccuum functions properly. Inlet secured\installed properly.","N","PAUSE","Interior","20","","03a0d327","",
"UPDI-0001","Electrical","30A Power Plug","Check","Shore power plug is secured with rivets or screws and sealed","Y","MDC,PAUSE","Exterior","10","","03a0d327","56633bab , 461f528e , 97a7f034 , 526867d3 , 3b1ae158 , 55ab6646 , 9ece9d59 , f74f69bc , 105ac24d",
"UPDI-0002","Electrical","30A Power Plug","Check","Shore power plug has functioning indicator light if present and provides power when connected","Y","MDC,PAUSE","Exterior","20","","03a0d327","99d1bd83 , 403fa837 , a08476f5 , b22357df , a32031a5 , 1e90c9cd , 7fd041a5 , 11441dc3 , 4a14c5e6",
"UPDI-0004","Home","Appliance","Check","AC modes, controls, and fan are functional and cooling.","Y","MDC,PAUSE","Interior","10","","03a0d327","3bef048e , 005f6a5c , 898ba6b2 , 4c58d8f8 , 906e8d89 , daa68a1d , 3a763124 , d7755698 , 60cd41c5",
"UPDI-0005","Electrical","Appliance","Check","AC has no visible damage, scratches, cracks, or cosmetic blemishes.","Y","MDC,PAUSE","Interior","10","","03a0d327","ea9248c0 , 4d918071 , 6fba1ada , cbd5d9e6 , dec163cf , c15f1ca5 , ebc0608c , fe452259 , 3482d37e",
"UPDI-0006","Electrical","Compartment","Check","All applicable lights illuminate properly and switch/controls work as expected.","Y","MDC,PAUSE","Exterior","10","","03a0d327","065d2d25 , ba948553 , 48dd243d , 829265ff , aa2c94ac , 93ec27a6 , 9b9ffdf3 , b909af40 , 24060ebf",
"UPDI-0008","Electrical","Electric Awning","Check","Electrical controls, switches, indicators, and powered functions operate correctly.","Y","MDC,PAUSE","Exterior","10","","03a0d327","6a3c8a38 , 1914c36b , deb7ad5e , 841736a4 , 99e7d2c1 , 3d3ec54e , b97f2028 , 29a7a0b5 , abc1cded",
"UPDI-0009","OEM Accessory","Electric Awning","Check","Awning manual tool present.","Y","MDC,PAUSE","Accessories","20","","03a0d327","ba594d18 , 76616844 , fd5a25e9 , 457ae8ef , cf093229 , 77a1d139 , 42425993 , 41af833d , 94ef1716",
"UPDI-0011","Electrical","Electric Awning","Check","Awning fabric installed\secured properly. No leaks\damage\blemishes","Y","MDC,PAUSE","Exterior","10","","03a0d327","752a49ef , 4409d9cb , 7121068c , 6a8de102 , 88705b5a , 14e53ce2 , 379f0b4d , fb583efb , 63d3a8a8",
"UPDI-0014","Electrical","Exterior Lights","Check","All applicable lights illuminate properly and switch/controls work as expected.","Y","MDC,PAUSE","Exterior","10","","03a0d327","02bf85fc , e62dc351 , cb184687 , b10b394e , 64db1b91 , 90ce5995 , fd3d2f55 , 10f216c1 , 97a4905c",
"UPDI-0015","Electrical","Exterior Lights","Check","All mounting hardware, screws, rivets, and brackets are present, tight, and secure.","Y","MDC,PAUSE","Exterior","20","","03a0d327","0affcc47 , 279b4b07 , 945a53ad , b845631a , 4da58b33 , 8eef766d , a07acd63 , 4afd5c4f , ffc8b82c",
"UPDI-0018","Home","Appliance","Check","Interior fridge powers on, cools properly, settings adjust correctly","Y","MDC,PAUSE","Interior","10","","03a0d327","b2bca3bf , 8388ff6b , 444816b1 , 71483268 , 0c976537 , 063a6bd7 , 673d5560 , 9c839ea9 , e3f55ed3",
"UPDI-0021","Electrical","Interior Lights","Check","All mounting hardware, screws, rivets, and brackets are present, tight, and secure.","Y","MDC,PAUSE","Interior","10","","03a0d327","b28522b9 , c50f5bfd , 91272c8a , 6f0c10c5 , 3f294245 , b8577923 , 94e895c0 , 898c3574 , b68bbbbc",
"UPDI-0023","Electrical","Interior Main Lights","Check","Electrical controls, switches, indicators, and powered functions operate correctly.","Y","MDC,PAUSE","Interior","10","","03a0d327","dc5a9bfe , 02d1935e , 1fd4bc20 , 43605dc0 , 7161b730 , 304129a8 , 31995491 , ceb0b8c6 , d38ebb55",
"UPDI-0024","Electrical","Interior Outlets","Check","Interior outlets have power with shore power and on inverter power.","Y","MDC,PAUSE","Interior","10","","03a0d327","efcbf571 , d3fa93dc , 6f81a48f , 138f94c9 , 2efcd90c , 3dda160e , 0f28bde4 , fd30441a , c5e525dd",
"UPDI-0025","Electrical","Interior Outlets","Check","Outlets are secure, undamaged, and provide proper power.","Y","MDC,PAUSE","Interior","10","","03a0d327","f8bcfda7 , 31c82286 , 9b8faa49 , 25fd4098 , a58f9574 , 55b534ef , 2f919b0c , 24ad7e7d , c10c6d02",
"UPDI-0028","Electrical","Interior Reading Lights","Check","All applicable lights illuminate properly and switch/controls work as expected.","Y","MDC,PAUSE","Interior","10","","03a0d327","c904f5ce , 70fe7d12 , 4cf2b789 , e816d8af , 8cc9f677 , 0e72355c , f19216b0 , 9dbbf488 , eccefee2",
"UPDI-0029","Electrical","Inverter","Check","Inverter\Charger functional, installed properly, and secured. Test on\off shore power.","Y","MDC,PAUSE","Interior","10","","03a0d327","276e8fdc , a2fa5ad3 , 4f41deb6 , ae43f6f1 , a69fcfb2 , b035f1e3 , 0a28d2f7 , 1434603f , a2557e9c",
"UPDI-0034","Electrical","Radio and Sound System","Check","Radio and sound system functioning. No visible damage\blemishes.","Y","MDC,PAUSE","Interior","10","","03a0d327","4455c6de , 1a61e55a , 291e3b3f , 9d005594 , 9a4d9992 , 1e693fd7 , ebcbec99 , e651fdc7 , 53254aa6",
"UPDI-0037","Home","Skylight","Check","Properly installed, no damage\blemishes, and sealed with leak test.","Y","MDC,PAUSE","Interior","10","","03a0d327","e368869f , 82f920dc , dda54aca , ee54b7e3 , ef8bdca5 , 843dae8d , 8c3f92e6 , 265c72b5 , d9e253c2",
"UPDI-0043","Monitor","Tank Sensor","Check","Tank level sensor functional\accurate. No damage\blemishes","Y","MDC,PAUSE","Interior","10","","03a0d327","0dab4763 , 8990e2e0 , b31dee63 , 9a73d8f1 , f03c0a23 , e50f7e46 , 3a2dd1f2 , 63313380 , 7013f8fc",
"UPDI-0046","Electrical","Transit Lights","Check","All applicable lights illuminate properly and switch/controls work as expected.","Y","MDC,PAUSE","Exterior","10","","03a0d327","1d21da70 , f1bb4cea , 3da40140 , 5fe769f7 , b1a175dd , d14b8c61 , 6dfa4b19 , b6989132 , 71f19102",
"UPDI-0050","Electrical","Winter","Check","Tank heater switches working properly.","Y","MDC,PAUSE","Interior","10","","03a0d327","5cfd3a0d , 39ff14c9 , 8396ecdf , 8f72144d , d79cc274 , d3d7fff6 , 9cc64411 , 2f96a71e , 52593901",
"UPDI-0051","Home","Applicance","Check","Furnace installed\secured properly. Test runs for 20 minutes.","Y","MDC,PAUSE","Interior","10","","03a0d327","a4cef7e2 , a96e633f , 6ba8dbdc , 889b19c9 , 2025ffd0 , bc9f3a6c , a986c8f9 , ca4733a7 , 9f188bac",
"UPDI-0055","Home","Appliance","Check","Stove ignites correctly. Installed\secured properly. Damage\Blemishes","Y","MDC,PAUSE","Interior","10","","03a0d327","d28e50f7 , 4a3fa9b6 , 45a04ab1 , 8b7a50c7 , 6e80e112 , 8f17fb75 , 868fbb1c , 94d04c72 , f8747b15",
"UPDI-0057","Home","Appliance","Check","Ignites properly. Installed\Secured properly. No blemishes\damage","Y","MDC,Pause","Exterior","10","","03a0d327","1be0efee , b4f8b449 , 19be2a85 , d8ce8bea , 1a12a00c , 0b073d2f , 828f4e52 , 1fdc0489 , 42eaf2a0",
"UPDI-0058","LP System","LP Tank Compartment","Check","LP tanks are present and properly secured. No damage\blemishes.","Y","MDC,PAUSE","Exterior","10","","03a0d327","67143280 , be3a6963 , b2a96d18 , dee0dcc0 , 71f63cd9 , 1f829676 , 4a2fa125 , 60b06381 , 7b45b970",
"UPDI-0059","LP System","LP Tank Compartment","Check","LP regulator present and pigtails, functional, no damage\blemishes. No leaks present.","Y","MDC,PAUSE","Exterior","20","","03a0d327","2597ce33 , d0ac9ba5 , 3a5dde52 , e4d13820 , aaa706ce , 2cdf6a06 , c248f365 , e0247c01 , 0681b571",
"UPDI-0063","Home","1 Piece Fiberglass Shower","Check","Shower has no visible damage, scratches, cracks, or cosmetic blemishes. Properly sealed.","Y","MDC,PAUSE","Interior","10","","03a0d327","13b6e639 , 4d9dc417 , 4b5a2216 , 55faf1db , 9303ca66 , 0ecdefb2 , 9eb80e71 , 4f43f371 , 8e5028af",
"UPDI-0066","Water System","Bathroom","Check","Bathroom sink\shower flows\drains properly. No damage\blemishes on faucets.","Y","MDC,PAUSE","Interior","10","","03a0d327","ad14037d , 60bd4c92 , 0a7873eb , 0d7324c2 , 7e2a5ba8 , 228a58b3 , 21af76e8 , 30795a4a , 428722b5",
"UPDI-0071","Home","Entry Door","Check","Door opens\closes properly. Installed correctly\secured. No damage\blemishes","Y","MDC,PAUSE","Exterior","10","","03a0d327","f1143aa9 , 768527f6 , 5af0712a , a499d16e , 76839ff9 , 007c4b32 , 07d2c2f6 , c9d527d7 , 71563b58",
"UPDI-0072","Home","Entry Door","Check","Door has no visible damage, scratches, cracks, or cosmetic blemishes.","Y","MDC,PAUSE","Exterior","10","","03a0d327","b764f75c , 44c0709b , 6baf9120 , 0670de94 , 8783605b , 66411b70 , 3c880f38 , e75704fc , e8372745",
"UPDI-0074","Home","Entry Door Steps","Check","Steps are installed\secured properly. No damage\blemishes.","Y","MDC,PAUSE","Exterior","10","","03a0d327","bdbbb97c , 6eec44ef , e22c3431 , b0d7b87d , f47bf340 , 465eff9f , 6d96dcab , 6fc15e1a , 78e1e804",
"UPDI-0077","Home","Exterior Dropdown Tray","Check","Dropdown trailer installed\secured properly. No damage\blemishes. Locks function properly.","Y","MDC,PAUSE","Exterior","10","","03a0d327","6603b0b5 , c9b387fd , 934ba599 , 93cfa426 , 2abccf62 , e053640f , 00abc13f , 7088679e , 33a6c0b0",
"UPDI-0079","Cosmetic","Finishes","Check","Interior has no visible damage, scratches, cracks, or cosmetic blemishes.","Y","MDC,PAUSE","Interior","10","","03a0d327","c0b6311a , 26e4e185 , 408a129d , 2527012d , 1fb8adb1 , c2e34b52 , d52bf30b , fce8afe2 , b94587ec",
"UPDI-0080","Home","Interior Cabinets","Check","Locks, latches, and handles operate correctly and secure properly. Cabinets\Drawers aligned.","Y","MDC,PAUSE","Interior","10","","03a0d327","1e1adc4e , d176b91a , 4c6bb0e6 , 8ed26293 , 6d46a9f3 , dd623ef8 , 2cb30fb3 , 131b1311 , d8709548",
"UPDI-0084","Home","Main Bed","Check","Mattress has no damage\blemishes","Y","MDC,PAUSE","Interior","10","","03a0d327","b4a15a87 , 49e0930c , 899133d2 , 6dc75bfe , 30c04543 , 52e38b7e , 91344750 , 67c418e3 , c73807a6",
"UPDI-0088","Water System","Outside Kitchen","Check","Outside kitchen faucet flows\drains properly. No damage\blemishes.","Y","MDC,PAUSE","Exterior","10","","03a0d327","0294116f , cd1f6663 , 3ea92ede , 4a5cc7db , db5da4d9 , b1d34734 , d3e30d16 , 4cc56baf , 1dd97995",
"UPDI-0091","Home","Storage Compartment","Check","All storage compartment doors installed correctly. Latches\Locks are functional. No damage\blemishes","Y","MDC,PAUSE","Exterior","10","","03a0d327","ffa0cb7c , 5a93ab09 , 6779ee4e , b47e975c , 14f7cfc3 , 2efafe7e , 76d05545 , af5d0f9d , fdcfa2e1",
"UPDI-0092","Structural","Roof Components","Check","No visible damage, scratches, cracks, or cosmetic blemishes.","Y","MDC,PAUSE","Exterior","10","","03a0d327","ec8a86f4 , f347be5e , 0c42d783 , a64b1107 , c562996a , 000b4374 , 5e5d68c8 , 01d2260b , 682c5307",
"UPDI-0094","Structural","Roof","Check","Roof properly sealed with no leaks or visible damage\blemishes","Y","PAUSE,MDC","Exterior","10","","03a0d327","75962398 , 50315f42 , a1b8ac3c , bc2ab8dc , 64e12ca1 , a56d949f , aedec121 , a3c15ce4 , db21820e",
"UPDI-0096","Charging","Solar","Check","Solar panels installed\cleaned\secured properly.","Y","MDC,PAUSE","Exterior","10","","03a0d327","96811eec , 9d4d3358 , 76d69cff , 74d99757 , c2b24b86 , 4dbd2204 , 3e7fe6d4 , d1bbb066 , 97c71ef7",
"UPDI-0097","Charging","Solar","Check","Solar charge controller installed\secured properly. Up to date and functional to expectation. Connections tested.","Y","PAUSE\MDC","Interior","10","","03a0d327","9c6974c5 , 0208889f , 5b9a0a63 , d0931bfb , 4beb5cbd , 71f0799b , b4e7a6a8 , eb0bbdd8 , 0b0cc2ae",
"UPDI-0098","Chasis","Tires","Check","Spare tire installed\secured properly. No damage\blemishes and PSI is correct","Y","MDC,PAUSE","Exterior","10","","03a0d327","bdfbf25d , a4bdc2ac , 65051be6 , ebff8437 , 550342f3 , c0abf60a , ed042298 , e75a170c , 5c20c3b4",
"UPDI-0099","Chasis","Tires","Check","Proper PSI. No damage\blemishes","Y","MDC,PAUSE","Exterior","10","","03a0d327","b0ffcb01 , ed62b947 , 72900dfb , b6a5cc51 , 557182b4 , 02f4411d , 8e1f407b , 8d84e6e1 , c481ff3e",
"UPDI-0100","Storage","Toolbox","Check","Front storage compartment installed\secured properly with functional lock\latch. No damage\nlemishes","Y","MDC,PAUSE","Exterior","10","","03a0d327","7cb86d89 , 51fda120 , c86480c1 , 2eb70646 , 327c596e , 5edc678f , ed487800 , 615403a9 , dc1a8cb0",
"UPDI-0101","Chasis","Trailer Tongue","Check","Tongue Jack installed secured\properly. No damage\blemishes. Proper funcation.","Y","MDC,PAUSE","Exterior","10","","03a0d327","4cb3f95e , 2dc216b2 , 23b6a4a6 , 2c1eeba3 , f589dbbd , cce70adc , 1128cf1a , 48ae0894 , 9648e14f",
"UPDI-0102","Chasis","Trailer Tongue","Check","Trailer hitch installed properly\secured\torqued. No damage\blemishes.","Y","MDC,PAUSE","Exterior","10","","03a0d327","9c43d6ca , f60b58a8 , d2a72936 , 6c81b8e9 , b20169fa , 494d3b93 , abdb361a , 5525b844 , 7bca826b",
"UPDI-0103","Charging","Trailer Tongue","Check","DC\DC Anderson connector installed\secured properly. No damage\blemishes","Y","MDC,PAUSE","Exterior","10","","03a0d327","c14b0451 , c1eab65f , bf18f7f6 , cc43d200 , 9e6ffa04 , 4ee44308 , 2447a69b , 5b4504d7 , 55598357",
"UPDI-0105","Structural","Underside","Check","All mounting hardware, screws, rivets, and brackets are present, tight, and secure.","Y","MDC,PAUSE","Exterior","10","","03a0d327","327fdebd , 7fb49c83 , 897a714f , 22bfa0cc , 34e9e469 , 652d0cf7 , cc661f33 , cd3864b4 , 7dbb22bd",
"UPDI-0108","Chasis","Suspension","Check","Suspension and Axels are installed correclty\secured. No damage\blemishes\rust.","Y","MDC,PAUSE","Exterior","30","","03a0d327","2b6ffb18 , b7589537 , c5ae6ddb , ce439563 , ca13e3d1 , a4fdb2bf , 095f635c , b5ae72dc , 6999237a",
"UPDI-0116","Water System","Black/Grey Drain","Check","Black/Grey tank drain and flush properly.","Y","PAUSE,MDC","Exterior","10","","03a0d327","d275a5ef , e60fd875 , b8a51fa0 , a307f3ac , 7cf1e91b , fae2c3be , 7668b8a8 , 3cd3dc03 , 106c6453",
"UPDI-0120","Water System","Water Supply","Check","Water pump functions and pressurizes properly. Installed\Secured and no leaks","Y","PAUSE,MDC","Interior","10","","03a0d327","9808bee4 , c9409713 , 6ceba4aa , 00c8f800 , 08fbb196 , e7c4a0ce , 12826708 , 3fc9a3c0 , edff990f",
"UPDI-0121","Compartment","Outside Kichen Sink","Check","Kitchen opens/closes/slides/extends smoothly and locks/adjusts as intended.","Y","PAUSE,MDC","Interior","20","","03a0d327","e285893c , dd175d8e , d17f47a1 , a3a5f446 , 4642d2d9 , 6ad2c8a1 , 1dfe1a9d , 309bdd27 , 52b59c2b",
"UPDI-0131","Water System","Shower","Check","Exterior shower\sprayer installed\secured properly. No leaks\damage\blemishes","Y","MDC,PAUSE","Exterior","30","","03a0d327","6c39785c , eca4b355 , df12db9b , 4ef20f25 , fb5ce40f , d3772196 , 384bb438 , 17433941 , 85b228ef",
"UPDI-0133","Water System","Water Fill","Check","Fresh water tanks fill normally. No leaks, damage, or blemishes.","Y","MDC,PAUSE","Exterior","10","","03a0d327","e8e48d0c , bdefe103 , f28e80a8 , ff68d410 , bf01e974 , 3b3ca58a , 9b5bf362 , 4051d791 , 7201fc97",
"UPDI-0134","Water System","City Water","Check","No water leaks are present during operation or pressure testing.","Y","MDC,PAUSE","Exterior","20","","03a0d327","91f00a21 , 7596ffda , eb1e062c , 80feb537 , 53816673 , 62458605 , 13851eea , 84648244 , 6c83be3d",
"UPDI-0137","Water System","Water Heater Compartment","Check","Water heater filter installed. Compartment door has no damage\blemishes","Y","MDC,PAUSE","Exterior","10","","03a0d327","f57886df , eb6d059b , 51ae2943 , af3438e4 , 96a347fd , 88d484ec , 2e7eb93c , fd69d160 , 907bd66c",
"UPDI-0138","Water System","Appliance","Check","Water heater operates normally and reaches expected settings/performance. 20 minute test.","Y","MDC,PAUSE","Exterior","20","","03a0d327","cb6decfa , 563da90e , 5b9194ce , d81cf1a9 , dfc41882 , b51584d5 , c153a7d0 , 281cf82f , 5a656cf0",
"UPDI-0141","OEM Accessory","Spare Key","Check","Spare keys present","Y","MDC,PAUSE","Accessories","30","","03a0d327","3064df85 , 283735b0 , 939c1715 , 9d60ddb8 , 3f8ac48d , 5cab5f3d , 98ba8ddb , 81d0dcea , 5b297481",
"UPDI-0142","OEM Accessory","Electrical","Check","Shore power cord (30 amp)","Y","MDC/PAUSE","Accessories","10","","03a0d327","ab678ec9 , 99b2bd39 , 21dd6092 , f7b5f574 , 964c384b , 3cc80f81 , 20c37419 , f7c7ff7c , 5d338f8e",
"UPDI-0143","Charging","Monitor","Check","Battery monitor shows proper SOC","Y","MDC,PAUSE","Interior","10","","03a0d327","a088cecb , b0fcf616 , 955d715d , 02fc1823 , a0269d4e , 7e23b1bd , 780c8147 , e9beb0b4 , 0212332f",
"UPDI-0144","Charging","Shore","Check","Batteries charging on shore power. Inverter\charge set correctly","Y","MDC,PAUSE","Interior","20","","03a0d327","ff12b255 , ba6721b7 , 6158bab7 , 6aaae737 , f5163d83 , e8478a5a , 85872255 , 977a8140 , 9501a051",
"UPDI-0145","Cosmetic","Finishes","Check","Exterior walls\decals have no damage\blemishes","Y","MDC,PAUSE","Exterior","20","","03a0d327","346992ad , d81ea12c , 7f889a1d , 21f55308 , e3511614 , 456df51e , d7139182 , 72003827 , 66dd8763",
"UPDI-0146","Prepickup Check","Cleanliness","Check","Interior is clean. Bedding is present. No blemishes","Y","MDC,PAUSE","Interior","20","","03a0d327","532521f1 , 2780f1f1 , 90a8d747 , 0a8583a6 , aa6ca7ff , 4a322567 , 398d0cd3 , ee01ecae , cc484184",
"UPDI-0147","Home","Outlet","Check","Popup Outlets\USB functional. No damage\blemishes.","Y","MDC,PAUSE","Interior","30","","03a0d327","2b08d4a1 , 5130bbce , f804d4b6 , 3bf013b3 , 10799acc , 6a6396a8 , 81b5cc17 , 9efa5a31 , f65ff188",
"UPDI-0149","Home","Appliance","Check","Truma Control panel installed\secured properly. Configured for applicable appliances.","Y","MDC,PAUSE","Interior","20","","03a0d327","c1366bc2 , 7d44872a , 5128091d , bfc77639 , 6a1f2cfb , e7c10cc7 , 75b0bc38 , cf4bf451 , fc98fac2",
"UPDI-0150","Cosmetic","Window","Check","Windows have no visible cracks/blemishes/scratches.","Y","MDC,PAUSE","Exterior","20","","03a0d327","d579ce99 , ed7117c3 , be7b000a , 596ac40b , 6fddcea2 , a25ccac1 , 96f3855c , 9558f1eb , f94d0652",
"UPDI-0151","Structural","Window","Check","Window Latchs\Struts are  functional with no damage/blemishes.","Y","MDC,PAUSE","Interior","30","","03a0d327","52deea20 , 8abcefbc , f09fe901 , d39c5168 , a7486664 , d4df93bd , e75dfaa3 , 7bb872d7 , fb204f3a",
"UPDI-0152","OEM Accessory","Blue Box","Check","Tank drain caps (sometimes)","","MDC","Accessories","40","","03a0d327","",
"UPDI-0153","OEM Accessory","Blue Box","Check","2 wheel chalks","","MDC","Accessories","40","","03a0d327","",
"UPDI-0154","OEM Accessory","Blue Box","Check","D035 pin with wrench","","MDC","Accessories","40","","03a0d327","",
"UPDI-0155","OEM Accessory","Blue Box","Check","Wheel breaker bar with 21mm socket","","MDC","Accessories","40","","03a0d327","",
"UPDI-0156","OEM Accessory","Blue Box","Check","Aquago electric filter","","MDC","Accessories","40","","03a0d327","",
"UPDI-0157","OEM Accessory","Blue Box","Check","Microwave base (sometimes)","","MDC","Accessories","40","","03a0d327","",
"UPDI-0158","OEM Accessory","Blue Box","Check","Spare tire cover(s)","","MDC","Accessories","40","","03a0d327","",
"UPDI-0159","OEM Accessory","Blue Box","Check","Hitch lock","","MDC","Accessories","40","","03a0d327","",
"UPDI-0160","OEM Accessory","Blue Box","Check","Back up camera screen mount & cord","","MDC","Accessories","40","","03a0d327","",
"UPDI-0161","OEM Accessory","Blue Box","Check","Rust spray Wheel bearing kit (dust cap, 2 plastic bearing covers, 2 castle nuts, 2 lug nuts, 2 lug studs, 2 pins)","","MDC","Accessories","40","","03a0d327","",
"UPDI-0162","OEM Accessory","Blue Box","Check","Leather literature booklet (Pole diagram inside)","","MDC","Accessories","40","","03a0d327","",
"UPDI-0163","OEM Accessory","Blue Box","Check","4 awning stakes","","MDC","Accessories","40","","03a0d327","",
"UPDI-0164","OEM Accessory","Blue Box","Check","4 straps Awnings hangers & green canvas tool","","MDC","Accessories","40","","03a0d327","",
"UPDI-0165","OEM Accessory","Blue Box","Check","Entry floor mat","","MDC","Accessories","40","","03a0d327","",
"UPDI-0166","OEM Accessory","Blue Box","Check","Radio remote","","MDC","Accessories","40","","03a0d327","",
"UPDI-0167","OEM Accessory","Blue Box","Check","Awning crank handle mounts","","MDC","Accessories","40","","03a0d327","",
"UPDI-0168","OEM Accessory","Blue Box","Check","Tv remote bag (extra wires)","","MDC","Accessories","40","","03a0d327","",
"UPDI-0169","Home","Appliance","Check","TV Present no damage\blemishes and fully functional","","MDC","Interior","40","","03a0d327","",
"UPDI-0170","Exterior","Charging","Check","Portable Solar panels as applicable are present no damage\blemish. Tested and functional","","PAUSE","Accessories","40","","03a0d327","",
"UPDI-0171","Home","Bunk Bed","Check","Bunk bed ladder present. Bunk bed mattresses have no damage\blemish","","MDC","Interior","40","","03a0d327","",
"UPDI-0173","Home","Cosmetic","Check","All cushions present without damage\blemish. Velcro installed.","Y","MDC,PAUSE","Interior","40","","03a0d327","8dbeba68 , db6ae2ba , 345cecf0 , ab3b2bc6 , 5a9a9e21 , 6e92de93 , f89aeefb",
"UPDI-0174","Chasis","Brakes","Check","Check brake functionality and parking brake if present.","Y","MDC,PAUSE","Exterior","40","","03a0d327","c940f643 , 892cfa2d , 76f7edec , 870c35ff , de5372e2 , e6107994 , 1277d485",
